site,INT,NE,SE
Voi,164,174,179
Mombasa,115,175,175
Voi,160,175,171
Mombasa,184,142,164
Voi,123,178,170
Mombasa,132,170,158
Voi,175,187,163
Mombasa,115,183,161
Voi,100,176,202
Mombasa,117,170,182
Voi,128,177,183
Mombasa,135,178,193
Voi,190,178,177
Mombasa,166,185,185
Voi,167,186,181
Mombasa,165,163,156
Voi,195,188,164
Mombasa,171,173,184
Voi,115,183,162
Mombasa,143,171,180
Voi,180,172,181
Mombasa,120,168,177
Voi,186,193,179
Mombasa,175,145,195
Voi,222,180,184
Mombasa,110,181,181
Voi,162,184,163
Mombasa,165,181,193
Voi,172,182,190
Mombasa,168,146,177
Voi,179,169,178
Mombasa,140,187,178
Voi,102,172,183
Mombasa,110,180,168
Voi,125,182,194
Mombasa,194,171,174
Voi,175,176,178
Mombasa,127,198,207
Voi,197,176,179
Mombasa,109,154,161
Voi,182,179,155
Mombasa,166,176,142
Voi,113,184,190
Mombasa,109,175,192
Voi,180,167,162
Mombasa,127,175,184
Voi,185,152,195
Mombasa,220,170,150
Voi,173,176,172
Mombasa,185,171,175
Voi,152,177,187
Mombasa,164,185,187
Voi,121,177,179
Mombasa,160,176,187
Voi,188,162,173
Mombasa,173,164,195
Voi,185,197,191
Mombasa,163,164,189
Voi,134,179,187
Mombasa,120,157,196
Voi,179,175,177
Mombasa,178,177,180
Voi,179,141,181
Mombasa,190,174,156
Voi,115,185,174
Mombasa,180,175,189
Voi,117,165,180
Mombasa,190,171,157
Voi,114,198,159
Mombasa,178,175,177
Voi,165,184,169
Mombasa,198,177,172
Voi,165,141,161
Mombasa,108,187,181
Voi,162,175,176
Mombasa,121,155,164
Voi,164,140,160
Mombasa,202,151,186
Voi,119,170,205
Mombasa,162,176,191
Voi,183,184,169
Mombasa,120,168,167
Voi,168,173,185
Mombasa,170,136,172
Voi,172,177,185
Mombasa,180,177,169
Voi,194,178,156
Mombasa,186,190,173
Voi,183,146,183
Mombasa,170,174,190
Voi,180,187,192
Mombasa,167,182,177
Voi,169,155,178
Mombasa,195,164,181
Voi,187,169,189
Mombasa,141,159,183
Voi,174,181,179
Mombasa,170,172,174
Voi,176,178,160
Mombasa,178,170,185
Voi,160,165,159
Mombasa,166,171,188
Voi,172,166,173
Mombasa,221,162,171
Voi,125,186,158
Mombasa,171,178,148
Voi,165,178,198
Mombasa,194,177,168
Voi,135,175,193
Mombasa,112,178,191
Voi,182,151,167
Mombasa,123,173,132
Voi,162,147,192
Mombasa,117,183,190
Voi,165,186,156
Mombasa,165,163,176
Voi,123,162,185
Mombasa,120,178,175
Voi,205,175,153
Mombasa,127,182,189
Voi,193,180,161
Mombasa,163,180,179
Voi,175,202,176
Mombasa,126,174,187
Voi,167,180,173
Mombasa,164,177,187
Voi,160,171,175
Mombasa,175,179,172
Voi,178,156,139
Mombasa,109,144,170
Voi,180,180,166
Mombasa,170,195,183
Voi,190,193,195
Mombasa,182,184,180
Voi,169,155,177
Mombasa,125,168,170
Voi,109,155,176
Mombasa,130,164,164
Voi,98,173,177
Mombasa,107,141,179
Voi,193,157,176
Mombasa,164,196,174
Voi,165,190,171
Mombasa,177,181,174
Voi,193,175,184
Mombasa,169,191,181
Voi,182,163,164
Mombasa,172,148,221
Voi,178,158,190
Mombasa,127,193,207
Voi,121,172,182
Mombasa,165,172,177
Voi,117,181,177
Mombasa,179,152,167
Voi,170,189,208
Mombasa,126,178,187
Voi,183,178,184
Mombasa,107,180,150
Voi,162,171,168
Mombasa,190,210,175
Voi,120,161,165
Mombasa,167,197,159
Voi,176,171,157
Mombasa,184,179,185
Voi,171,173,168
Mombasa,194,170,163
Voi,189,173,104
Mombasa,170,181,186
Voi,179,183,169
Mombasa,138,186,149
Voi,175,185,166
Mombasa,122,175,172
Voi,172,172,190
Mombasa,116,176,165
Voi,154,168,165
Mombasa,125,188,177
Voi,153,153,200
Mombasa,174,180,188
Voi,172,186,181
Mombasa,131,172,173
Voi,117,166,192
Mombasa,131,156,173
Voi,125,173,170
Mombasa,175,163,179
Voi,170,178,156
Mombasa,184,168,169
Voi,174,172,175
Mombasa,178,187,173
Voi,175,176,193
Mombasa,182,165,188
Voi,167,190,166
Mombasa,114,162,160
Voi,117,175,183
Mombasa,186,187,173
Voi,108,160,180
Mombasa,137,178,165
Voi,177,160,185
Mombasa,175,162,179
Voi,191,186,180
Mombasa,170,170,182
Voi,188,156,193
Mombasa,169,176,202
Voi,163,169,123
Mombasa,170,175,189
Voi,190,151,181
Mombasa,112,184,185
Voi,165,170,189
Mombasa,184,179,173
Voi,161,196,177
Mombasa,182,177,170
Voi,118,181,165
Mombasa,159,173,177
Voi,191,179,161
Mombasa,179,184,175
Voi,115,180,186
Mombasa,172,187,190
Voi,163,166,192
Mombasa,175,178,174
Voi,176,190,174
Mombasa,110,178,202
Voi,161,144,178
Mombasa,187,167,197
Voi,178,162,193
Mombasa,111,159,175
Voi,163,156,193
Mombasa,186,168,173
Voi,123,165,188
Mombasa,173,167,180
Voi,185,175,160
Mombasa,117,173,178
Voi,188,181,175
Mombasa,180,196,149
Voi,178,178,196
Mombasa,179,173,163
Voi,169,137,176
Mombasa,178,187,170
Voi,125,169,190
Mombasa,119,179,166
Voi,159,180,173
Mombasa,186,168,193
Voi,111,187,193
Mombasa,183,182,185
Voi,136,174,164
Mombasa,176,169,155
Voi,194,172,195
Mombasa,120,182,157
Voi,132,191,196
Mombasa,125,161,158
Voi,120,180,185
Mombasa,200,178,163
Voi,166,183,166
Mombasa,180,170,188
Voi,189,173,189
Mombasa,166,175,168
Voi,179,171,157
Mombasa,175,175,148
Voi,127,175,193
Mombasa,130,178,187
Voi,160,169,165
Mombasa,172,185,162
Voi,166,161,195
Mombasa,196,193,190
Voi,169,165,159
Mombasa,175,170,206
Voi,174,184,168
Mombasa,163,179,167
Voi,160,162,185
Mombasa,173,180,203
Voi,122,187,178
Mombasa,170,162,147
Voi,130,172,172
Mombasa,121,166,184
Voi,172,175,173
Mombasa,173,149,152
Voi,115,186,152
Mombasa,123,150,169
Voi,179,178,205
Mombasa,189,187,181
Voi,163,170,170
Mombasa,191,166,185
Voi,123,178,170
Mombasa,135,158,155
Voi,171,184,195
Mombasa,177,174,157
Voi,174,176,189
Mombasa,131,132,174
Voi,178,168,178
Mombasa,130,168,184
Voi,189,169,158
Mombasa,165,168,195
Voi,178,173,165
Mombasa,186,173,165
Voi,128,193,170
Mombasa,127,180,174
Voi,163,163,151
Mombasa,126,157,161
Voi,171,169,175
Mombasa,104,181,183
Voi,171,179,130
Mombasa,183,180,170
Voi,180,173,181
Mombasa,177,162,171
Voi,112,172,182
Mombasa,177,156,188
Voi,170,171,187
Mombasa,125,181,166
Voi,156,177,152
Mombasa,130,190,184
Voi,187,167,184
Mombasa,175,183,181
Voi,133,174,165
Mombasa,178,177,182
Voi,121,178,186
Mombasa,117,150,173
Voi,157,154,164
Mombasa,165,164,172
Voi,162,182,175
Mombasa,176,165,186
Voi,195,167,180
Mombasa,121,170,150
Voi,107,176,183
Mombasa,178,179,191
Voi,153,166,160
Mombasa,184,165,169
Voi,190,188,190
Mombasa,115,176,189
Voi,117,180,172
Mombasa,187,186,183
Voi,112,179,187
Mombasa,174,167,183
Voi,194,171,195
Mombasa,164,159,199
Voi,123,183,165
Mombasa,191,180,178
Voi,194,178,181
Mombasa,170,175,170
Voi,194,152,168
Mombasa,115,166,190
Voi,127,163,175
Mombasa,212,161,182
Voi,181,175,188
Mombasa,173,167,153
Voi,174,159,152
Mombasa,108,171,170
Voi,182,181,184
Mombasa,142,161,204
Voi,184,174,163
Mombasa,124,176,161
Voi,162,144,170
Mombasa,177,180,160
Voi,166,176,174
Mombasa,185,172,187
Voi,180,166,177
Mombasa,172,179,170
Voi,178,182,185
Mombasa,120,173,180
Voi,111,156,158
Mombasa,161,193,192
Voi,175,176,180
Mombasa,174,170,172
Voi,132,175,185
Mombasa,134,159,167
Voi,179,161,170
Mombasa,168,178,160
Voi,193,178,168
Mombasa,163,157,171
Voi,159,180,170
Mombasa,130,179,190
Voi,116,174,186
Mombasa,166,174,187
Voi,151,155,180
Mombasa,121,177,183
Voi,171,173,167
Mombasa,185,136,171
Voi,135,183,159
Mombasa,189,176,176
Voi,161,175,159
Mombasa,114,170,180
Voi,168,188,172
Mombasa,166,158,176
Voi,120,175,178
Mombasa,172,170,183
Voi,126,171,189
Mombasa,174,189,167
Voi,130,180,167
Mombasa,185,169,166
Voi,179,180,201
Mombasa,176,157,160
Voi,170,185,156
Mombasa,171,185,166
Voi,157,174,176
Mombasa,170,193,172
Voi,135,185,186
Mombasa,124,170,156
Voi,174,196,187
Mombasa,131,176,177
Voi,139,151,186
Mombasa,118,175,170
Voi,118,170,156
Mombasa,213,162,171
Voi,175,171,177
Mombasa,162,157,168
Voi,189,146,184
Mombasa,137,143,185
Voi,181,165,179
Mombasa,191,180,180
Voi,173,169,157
Mombasa,185,180,172
Voi,121,176,177
Mombasa,191,179,180
Voi,148,169,170
Mombasa,160,169,197
Voi,180,163,182
Mombasa,173,181,184
Voi,155,173,177
Mombasa,179,190,180
Voi,184,146,183
Mombasa,190,189,158
Voi,178,158,187
Mombasa,166,147,182
Voi,192,167,173
Mombasa,205,177,195
Voi,132,177,185
Mombasa,114,173,172
Voi,196,165,180
Mombasa,122,183,152
Voi,169,144,139
Mombasa,156,173,197
Voi,135,160,167
Mombasa,130,152,168
Voi,179,168,185
Mombasa,170,174,185
Voi,168,186,162
Mombasa,171,160,184
Voi,173,178,182
Mombasa,186,177,177
Voi,170,173,162
Mombasa,192,165,175
Voi,187,178,176
Mombasa,164,168,193
Voi,166,184,180
Mombasa,164,180,196
Voi,179,181,166
Mombasa,158,157,183
Voi,172,176,195
Mombasa,189,172,192
Voi,165,166,156
Mombasa,169,175,194
Voi,175,176,150
Mombasa,114,176,177
Voi,172,183,169
Mombasa,170,170,197
Voi,137,161,173
Mombasa,115,184,175
Voi,120,166,165
Mombasa,188,168,186
Voi,172,178,183
Mombasa,179,162,189
Voi,185,181,168
Mombasa,162,183,177
Voi,114,153,170
Mombasa,122,177,158
Voi,162,183,172
Mombasa,120,167,158
Voi,127,184,177
Mombasa,172,175,175
Voi,161,188,195
Mombasa,120,175,169
Voi,165,183,176
Mombasa,196,172,193
Voi,188,166,174
Mombasa,132,176,155
Voi,184,173,189
Mombasa,110,173,183
Voi,190,169,180
Mombasa,195,169,163
Voi,169,152,172
Mombasa,183,188,157
Voi,192,170,204
Mombasa,126,162,170
Voi,105,164,179
Mombasa,169,150,176
Voi,199,180,186
Mombasa,175,169,189
Voi,186,154,171
Mombasa,157,167,161
Voi,200,136,170
Mombasa,198,178,190
Voi,188,162,175
Mombasa,123,166,170
Voi,131,179,175
Mombasa,107,175,175
Voi,125,174,167
Mombasa,149,165,182
Voi,130,151,193
Mombasa,178,200,183
Voi,163,153,177
Mombasa,170,177,191
Voi,185,149,158
Mombasa,173,160,192
Voi,188,165,151
Mombasa,169,171,171
Voi,182,166,201
Mombasa,164,169,153
Voi,176,180,174
Mombasa,168,174,170
Voi,120,143,177
Mombasa,175,173,170
Voi,171,163,162
Mombasa,119,189,174
Voi,173,173,156
Mombasa,168,184,167
Voi,165,176,189
Mombasa,128,167,166
Voi,119,171,200
Mombasa,179,183,170
Voi,97,178,168
Mombasa,128,183,184
Voi,175,181,177
Mombasa,112,168,174
Voi,184,171,196
Mombasa,125,169,154
Voi,173,171,176
Mombasa,169,175,187
Voi,200,180,173
Mombasa,164,186,175
Voi,194,169,180
Mombasa,130,148,197
Voi,176,163,156
Mombasa,104,170,175
Voi,171,192,169
Mombasa,156,170,164
Voi,176,158,175
Mombasa,191,179,153
Voi,111,178,165
Mombasa,177,178,193
Voi,163,194,165
Mombasa,189,152,190
Voi,170,146,170
Mombasa,112,168,177
Voi,173,158,176
Mombasa,171,143,171
Voi,167,131,161
Mombasa,177,160,181
Voi,155,155,188
Mombasa,170,152,186
Voi,165,165,179
Mombasa,155,157,159
Voi,139,160,186
Mombasa,164,158,168
Voi,180,155,176
Mombasa,120,145,176
Voi,139,115,163
Mombasa,171,160,197
Voi,170,153,166
Mombasa,168,177,187
Voi,178,127,194
Mombasa,222,152,189
Voi,175,160,150
Mombasa,163,143,172
Voi,165,152,163
Mombasa,165,151,160
Voi,175,160,183
Mombasa,151,155,206
Voi,182,144,179
Mombasa,161,121,183
Voi,182,161,174
Mombasa,115,152,147
Voi,176,164,165
Mombasa,194,159,156
Voi,110,158,157
Mombasa,122,160,181
Voi,181,156,183
Mombasa,166,170,158
Voi,177,161,191
Mombasa,183,186,179
Voi,171,161,192
Mombasa,150,162,161
Voi,159,158,190
Mombasa,139,153,166
Voi,176,149,116
Mombasa,164,150,148
Voi,174,140,170
Mombasa,178,161,156
Voi,192,160,184
Mombasa,169,179,180
Voi,162,159,190
Mombasa,191,157,164
Voi,177,133,163
Mombasa,176,152,179
Voi,177,178,157
Mombasa,164,147,182
Voi,168,154,157
Mombasa,168,171,179
Voi,176,148,155
Mombasa,172,182,165
Voi,170,157,150
Mombasa,127,151,175
Voi,158,151,182
Mombasa,176,155,182
Voi,183,151,183
Mombasa,112,166,193
Voi,177,145,201
Mombasa,154,153,189
Voi,156,159,164
Mombasa,167,157,170
Voi,165,173,175
Mombasa,168,145,178
Voi,197,145,162
Mombasa,132,167,170
Voi,174,159,182
Mombasa,176,158,166
Voi,175,155,205
Mombasa,125,157,167
Voi,126,145,157
Mombasa,173,160,164
Voi,178,139,194
Mombasa,185,160,155
Voi,172,142,189
Mombasa,179,140,167
Voi,196,156,152
Mombasa,112,151,194
Voi,205,152,160
Mombasa,184,165,172
Voi,193,156,169
Mombasa,170,149,175
Voi,174,151,201
Mombasa,190,143,197
Voi,103,156,183
Mombasa,186,158,161
Voi,163,152,175
Mombasa,121,153,189
Voi,174,153,161
Mombasa,169,153,179
Voi,127,164,175
Mombasa,182,157,193
Voi,154,151,172
Mombasa,182,156,165
Voi,178,160,175
Mombasa,177,110,173
Voi,133,154,166
Mombasa,128,164,155
Voi,189,155,200
Mombasa,165,174,184
Voi,131,156,178
Mombasa,187,141,149
Voi,158,158,167
Mombasa,169,167,184
Voi,163,162,181
Mombasa,199,148,162
Voi,128,153,181
Mombasa,179,170,181
Voi,167,124,150
Mombasa,168,159,190
Voi,179,150,186
Mombasa,148,156,176
Voi,207,165,173
Mombasa,184,149,164
Voi,150,176,169
Mombasa,130,154,195
Voi,160,157,190
Mombasa,134,153,195
Voi,178,131,190
Mombasa,113,160,179
Voi,119,169,137
Mombasa,128,150,181
Voi,124,159,168
Mombasa,167,154,187
Voi,110,162,164
Mombasa,170,152,181
Voi,184,171,189
Mombasa,191,128,190
Voi,178,164,156
Mombasa,173,164,174
Voi,127,153,201
Mombasa,121,160,184
Voi,130,143,180
Mombasa,174,155,189
Voi,183,135,159
Mombasa,166,159,181
Voi,199,158,193
Mombasa,170,150,151
Voi,112,125,191
Mombasa,176,160,188
Voi,165,159,185
Mombasa,180,166,163
Voi,157,162,185
Mombasa,117,131,182
Voi,169,155,173
Mombasa,210,154,180
Voi,237,152,188
Mombasa,157,165,156
Voi,155,166,186
Mombasa,148,155,181
Voi,154,151,187
Mombasa,155,164,198
Voi,140,148,178
Mombasa,140,148,161
Voi,210,168,178
Mombasa,163,155,170
Voi,184,153,176
Mombasa,147,162,190
Voi,202,159,186
Mombasa,150,165,187
Voi,181,162,184
Mombasa,146,168,197
Voi,167,155,181
Mombasa,216,220,191
Voi,149,157,172
Mombasa,149,163,145
Voi,142,156,183
Mombasa,147,173,196
Voi,158,163,165
Mombasa,145,180,165
Voi,157,120,192
Mombasa,150,155,180
Voi,163,145,185
Mombasa,146,146,183
Voi,156,162,176
Mombasa,184,152,183
Voi,147,153,159
Mombasa,145,168,168
Voi,142,154,185
Mombasa,140,160,193
Voi,184,154,175
Mombasa,144,166,170
Voi,176,150,155
Mombasa,172,158,176
Voi,156,122,191
Mombasa,152,157,165
Voi,143,159,185
Mombasa,170,128,185
Voi,165,150,193
Mombasa,165,150,183
Voi,146,168,167
Mombasa,160,180,194
Voi,147,161,171
Mombasa,150,153,171
Voi,155,155,165
Mombasa,153,150,185
Voi,146,168,185
Mombasa,144,149,195
Voi,157,146,177
Mombasa,173,153,182
Voi,212,158,184
Mombasa,153,153,169
Voi,150,123,186
Mombasa,211,158,175
Voi,173,131,154
Mombasa,151,114,196
Voi,148,129,200
Mombasa,155,152,182
Voi,140,153,180
Mombasa,159,170,184
Voi,178,157,187
Mombasa,142,146,195
Voi,175,158,165
Mombasa,157,153,160
Voi,148,155,175
Mombasa,148,159,236
Voi,160,150,198
Mombasa,141,132,210
Voi,162,148,207
Mombasa,145,136,254
Voi,145,160,178
Mombasa,139,161,209
Voi,153,147,183
Mombasa,152,161,173
Voi,144,152,222
Mombasa,147,158,193
Voi,162,151,222
Mombasa,156,177,203
Voi,160,173,182
Mombasa,157,165,157
Voi,148,155,206
Mombasa,149,151,226
Voi,160,178,190
Mombasa,199,162,217
Voi,177,126,143
Mombasa,150,117,214
Voi,145,157,183
Mombasa,152,152,185
Voi,148,154,183
Mombasa,157,160,196
Voi,158,162,196
Mombasa,143,160,213
Voi,183,150,130
Mombasa,168,160,241
Voi,152,145,184
Mombasa,199,147,142
Voi,153,193,226
Mombasa,147,151,215
Voi,141,156,223
Mombasa,170,158,220
Voi,163,144,206
Mombasa,153,158,204
Voi,192,126,157
Mombasa,148,159,178
Voi,150,149,206
Mombasa,155,156,174
Voi,156,153,174
Mombasa,149,160,178
Voi,138,143,186
Mombasa,161,146,242
Voi,152,175,195
Mombasa,147,151,130
Voi,177,124,176
Mombasa,196,184,185
Voi,169,143,215
Mombasa,151,157,218
Voi,160,157,183
Mombasa,148,159,128
Voi,160,167,183
Mombasa,154,165,174
Voi,157,175,237
Mombasa,158,161,230
Voi,154,127,166
Mombasa,150,163,203
Voi,152,165,174
Mombasa,149,133,171
Voi,146,165,205
Mombasa,152,157,194
Voi,156,160,185
Mombasa,156,146,190
Voi,167,162,174
Mombasa,152,121,198
Voi,174,152,212
Mombasa,170,152,195
Voi,150,157,205
Mombasa,155,158,243
Voi,153,150,208
Mombasa,145,160,183
Voi,175,159,212
Mombasa,169,167,249
Voi,141,154,153
Mombasa,202,153,136
Voi,153,159,189
Mombasa,189,162,130
Voi,190,154,226
Mombasa,145,166,177
Voi,147,164,184
Mombasa,157,155,172
Voi,143,153,182
Mombasa,161,150,171
Voi,168,160,186
Mombasa,163,162,201
Voi,137,155,153
Mombasa,141,149,204
Voi,143,157,175
Mombasa,159,152,179
Voi,155,168,214
Mombasa,153,154,157
Voi,155,159,194
Mombasa,146,160,209
Voi,178,152,144
Mombasa,148,156,172
Voi,148,156,130
Mombasa,157,125,187
Voi,153,157,165
Mombasa,151,122,197
Voi,148,153,147
Mombasa,143,151,189
Voi,185,160,133
Mombasa,201,151,142
Voi,188,142,224
Mombasa,153,152,207
Voi,164,169,200
Mombasa,157,152,220
Voi,157,151,171
Mombasa,167,156,181
Voi,166,133,255
Mombasa,143,156,180
Voi,152,158,152
Mombasa,161,152,238
Voi,145,156,180
Mombasa,140,152,184
Voi,143,150,225
Mombasa,150,153,202
Voi,153,152,174
Mombasa,133,135,130
Voi,209,152,210
Mombasa,151,150,211
Voi,174,152,244
Mombasa,171,162,183
Voi,184,155,173
Mombasa,172,167,215
Voi,183,159,154
Mombasa,147,157,214
Voi,160,153,172
Mombasa,194,155,175
Voi,157,151,202
Mombasa,149,159,195
Voi,153,156,201
Mombasa,163,156,214
Voi,147,145,177
Mombasa,145,161,208
Voi,144,160,201
Mombasa,185,188,165
Voi,148,143,209
Mombasa,166,206,203
Voi,161,150,221
Mombasa,148,160,177
Voi,156,217,197
Mombasa,200,147,151
Voi,149,153,168
Mombasa,160,174,169
Voi,153,149,198
Mombasa,149,137,207
Voi,180,148,187
Mombasa,153,155,177
Voi,157,164,173
Mombasa,157,154,160
Voi,145,152,214
Mombasa,173,120,197
Voi,149,164,190
Mombasa,174,140,171
Voi,144,150,245
Mombasa,175,161,196
Voi,161,145,177
Mombasa,160,156,220
Voi,164,143,180
Mombasa,141,145,242
Voi,177,154,193
Mombasa,150,158,226
Voi,195,156,166
Mombasa,143,150,217
Voi,149,147,170
Mombasa,150,148,162
Voi,156,156,183
Mombasa,164,146,195
Voi,153,176,203
Mombasa,163,129,212
Voi,149,158,172
Mombasa,186,154,180
Voi,149,146,160
Mombasa,149,170,195
Voi,171,165,155
Mombasa,150,153,208
Voi,161,162,204
Mombasa,150,161,192
Voi,184,153,136
Mombasa,156,154,224
Voi,156,133,216
Mombasa,153,160,224
Voi,146,167,209
Mombasa,180,156,173
Voi,186,154,195
Mombasa,169,161,162
Voi,147,161,215
Mombasa,167,127,164
Voi,133,155,208
Mombasa,167,160,150
Voi,150,153,176
Mombasa,195,159,129
Voi,144,157,217
Mombasa,162,151,233
Voi,176,157,204
Mombasa,157,128,207
Voi,138,143,226
Mombasa,150,162,171
Voi,144,157,178
Mombasa,150,151,170
Voi,134,157,190
Mombasa,146,127,212
Voi,159,125,214
Mombasa,157,173,211
Voi,145,170,171
Mombasa,152,157,228
Voi,146,163,133
Mombasa,137,143,218
Voi,152,153,188
Mombasa,135,156,194
Voi,153,130,144
Mombasa,145,164,168
Voi,149,159,211
Mombasa,151,167,132
Voi,152,150,195
Mombasa,174,165,215
Voi,150,161,218
Mombasa,143,150,206
Voi,154,153,207
Mombasa,139,144,209
Voi,152,166,182
Mombasa,149,111,215
Voi,190,150,155
Mombasa,162,152,180
Voi,159,153,202
Mombasa,142,160,213
Voi,154,157,152
Mombasa,187,158,200
Voi,160,162,194
Mombasa,153,159,176
Voi,178,153,225
Mombasa,156,162,209
Voi,175,113,214
Mombasa,148,122,176
Voi,142,150,149
Mombasa,154,142,201
Voi,147,160,140
Mombasa,139,162,130
Voi,180,161,186
Mombasa,148,147,196
Voi,152,159,190
Mombasa,150,155,176
Voi,150,142,216
Mombasa,155,168,180
Voi,155,154,177
Mombasa,161,159,199
Voi,140,166,176
Mombasa,153,153,148
Voi,158,140,240
Mombasa,228,150,206
Voi,154,155,139
Mombasa,157,149,167
Voi,146,157,181
Mombasa,147,162,156
Voi,145,161,206
Mombasa,150,165,204
Voi,170,161,216
Mombasa,147,151,179
Voi,148,167,209
Mombasa,188,160,146
Voi,139,167,193
Mombasa,150,158,172
Voi,181,160,136
Mombasa,157,156,176
Voi,164,182,170
Mombasa,152,157,151
Voi,157,164,137
Mombasa,177,143,181
Voi,150,150,169
Mombasa,153,156,162
Voi,150,175,260
Mombasa,173,161,143
Voi,157,151,150
Mombasa,162,155,140
Voi,150,159,186
Mombasa,152,153,218
Voi,179,160,215
Mombasa,174,167,192
Voi,150,147,210
Mombasa,144,153,179
Voi,141,156,210
Mombasa,154,148,180
Voi,144,157,153
Mombasa,153,144,146
Voi,181,146,199
Mombasa,148,150,151
Voi,167,145,145
Mombasa,172,188,177
Voi,140,152,166
Mombasa,140,144,224
Voi,157,149,162
Mombasa,137,157,190
Voi,191,153,132
Mombasa,146,180,134
Voi,149,197,176
Mombasa,190,154,151
Voi,143,134,183
Mombasa,143,152,154
Voi,167,158,206
Mombasa,148,169,195
Voi,233,168,146
Mombasa,178,156,180
Voi,157,153,205
Mombasa,142,170,176
Voi,141,154,150
Mombasa,144,153,166
Voi,151,168,216
Mombasa,174,156,229
Voi,148,115,202
Mombasa,155,159,149
Voi,172,155,173
Mombasa,148,151,203
Voi,146,159,204
Mombasa,201,120,126
Voi,157,152,155
Mombasa,152,164,213
Voi,153,156,187
Mombasa,172,154,246
